id,target
5398,1
5503,1
23151,0
12669,0
27864,0
23035,0
25746,0
27194,0
933,1
11610,0
27970,0
2429,1
22180,0
1101,1
27448,0
24688,0
1066,1
8976,0
19594,0
5563,1
15420,0
125,1
10891,0
25197,0
1958,1
14670,0
9000,0
18615,0
6489,1
16125,0
17474,0
19955,0
4092,1
24974,0
9545,0
1034,1
22956,0
11009,0
13138,0
24661,0
4722,1
24499,0
10160,0
7166,0
21948,0
27998,0
12149,0
17449,0
12921,0
12547,0
25024,0
17941,0
11220,0
11746,0
21938,0
19587,0
24245,0
16393,0
18347,0
21289,0
14798,0
27658,0
1719,1
20269,0
21703,0
16470,0
22490,0
13134,0
407,1
14152,0
9007,0
25206,0
11777,0
23554,0
8591,0
10753,0
6812,1
27885,0
15124,0
5242,1
19781,0
6024,1
1906,1
25599,0
23937,0
1425,1
11517,0
28239,0
4927,1
14825,0
12484,0
9525,0
10235,0
16037,0
1487,1
5643,1
3601,1
3624,1
843,1
22178,0
20192,0
18804,0
25705,0
19496,0
16591,0
2347,1
1595,1
13178,0
16490,0
14597,0
21327,0
13940,0
23153,0
9605,0
4957,1
23359,0
14400,0
19657,0
1205,1
2486,1
6420,1
15227,0
18431,0
13106,0
12856,0
1059,1
10912,0
25120,0
27313,0
10587,0
254,1
20871,0
9604,0
24413,0
4858,1
18058,0
20494,0
15370,0
9308,0
6341,1
1648,1
275,1
17460,0
20780,0
17405,0
22904,0
24172,0
19775,0
1036,1
8753,0
3264,1
5848,1
11932,0
15993,0
23263,0
11421,0
2392,1
25981,0
4734,1
3906,1
6616,1
26932,0
5523,1
27325,0
13769,0
18096,0
19101,0
24776,0
20963,0
21152,0
24986,0
18103,0
19629,0
9692,0
11419,0
16080,0
16863,0
5023,1
16547,0
7721,0
25268,0
21407,0
7380,0
2772,1
14823,0
3041,1
21711,0
15679,0
27878,0
16087,0
27536,0
15376,0
21577,0
19171,0
20508,0
3854,1
7605,0
15345,0
15167,0
15218,0
22983,0
20747,0
23844,0
26537,0
10593,0
23840,0
26229,0
1028,1
11341,0
2065,1
26738,0
23128,0
22182,0
24406,0
2938,1
22013,0
26319,0
8039,0
19213,0
22728,0
6039,1
11014,0
5324,1
26827,0
22864,0
1625,1
20447,0
24016,0
25532,0
21819,0
2776,1
24354,0
3281,1
1973,1
9156,0
6238,1
5656,1
11544,0
21366,0
7667,0
24563,0
20137,0
4328,1
9279,0
3575,1
8814,0
10384,0
13372,0
1671,1
9709,0
19177,0
26367,0
19233,0
4495,1
15809,0
2230,1
11043,0
23116,0
27201,0
23101,0
27475,0
27917,0
6101,1
17,1
13081,0
13276,0
20187,0
15318,0
28048,0
1075,1
24335,0
7827,0
12359,0
10818,0
25045,0
21090,0
20242,0
4387,1
10931,0
19934,0
14475,0
11946,0
22421,0
9464,0
3894,1
14418,0
10721,0
12583,0
28397,0
6504,1
12117,0
6290,1
18142,0
20799,0
18934,0
3412,1
16647,0
7749,0
28260,0
14809,0
3582,1
1207,1
24018,0
14485,0
13999,0
5444,1
12062,0
19771,0
11922,0
5799,1
1092,1
24250,0
8679,0
12830,0
28399,0
14349,0
27716,0
19008,0
23590,0
19577,0
2515,1
9336,0
24930,0
26921,0
15111,0
19939,0
11934,0
3172,1
6813,1
8299,0
12371,0
1732,1
5103,1
26749,0
28513,0
19590,0
27655,0
25219,0
26120,0
11360,0
8872,0
4472,1
18162,0
18878,0
22973,0
12837,0
20286,0
2130,1
9321,0
16203,0
17228,0
19024,0
21169,0
9754,0
16420,0
22669,0
21142,0
5347,1
17206,0
22495,0
6511,1
8922,0
19087,0
6645,1
20955,0
15592,0
23303,0
22231,0
640,1
3946,1
3845,1
960,1
13804,0
12247,0
25613,0
9359,0
11784,0
17702,0
3558,1
1114,1
11032,0
18904,0
15644,0
3136,1
18516,0
22639,0
25771,0
24906,0
4772,1
12648,0
8794,0
21840,0
26343,0
3465,1
9580,0
8651,0
21305,0
11180,0
10715,0
23711,0
27485,0
5678,1
26439,0
16551,0
7545,0
1669,1
10536,0
18671,0
10484,0
10471,0
17860,0
6973,1
10771,0
6111,1
23390,0
182,1
23557,0
17422,0
8899,0
18487,0
27230,0
26387,0
22653,0
20313,0
10297,0
1715,1
8575,0
13186,0
18417,0
25112,0
17763,0
20787,0
18254,0
25625,0
8506,0
6179,1
11963,0
18564,0
22087,0
20403,0
1469,1
24176,0
2627,1
22818,0
19013,0
13520,0
21206,0
2153,1
9650,0
26178,0
12783,0
16980,0
14191,0
9280,0
14569,0
5281,1
12300,0
5973,1
7450,0
4751,1
18817,0
13989,0
19461,0
27456,0
756,1
21877,0
9449,0
9514,0
4851,1
26180,0
18281,0
379,1
28219,0
3778,1
10371,0
2366,1
24533,0
26078,0
26466,0
6785,1
14350,0
9562,0
24142,0
24041,0
4503,1
13927,0
8271,0
23488,0
14674,0
12278,0
13998,0
19143,0
15988,0
12905,0
4614,1
24020,0
299,1
11780,0
2227,1
2019,1
19842,0
21717,0
4490,1
3013,1
10145,0
23816,0
1895,1
28298,0
24483,0
521,1
18307,0
28307,0
12279,0
1016,1
8193,0
24999,0
16286,0
11000,0
5176,1
10987,0
12119,0
14278,0
16549,0
5817,1
26561,0
1816,1
18708,0
4645,1
2945,1
18652,0
10976,0
13631,0
10780,0
18033,0
27271,0
8536,0
14977,0
6856,1
26966,0
14880,0
4301,1
10702,0
1597,1
21235,0
7429,0
12581,0
12260,0
7577,0
3949,1
22347,0
8980,0
20491,0
4338,1
18361,0
26986,0
243,1
21050,0
7974,0
13867,0
25894,0
11786,0
9581,0
9350,0
3138,1
19891,0
4602,1
22019,0
10250,0
17776,0
20538,0
18499,0
26567,0
27222,0
25870,0
22530,0
597,1
11181,0
18956,0
9596,0
22787,0
14051,0
28495,0
25768,0
12295,0
3075,1
660,1
5458,1
3942,1
23105,0
20621,0
12801,0
6832,1
13476,0
24545,0
17713,0
21012,0
3995,1
17803,0
18830,0
23940,0
17453,0
8735,0
17811,0
19606,0
2101,1
13304,0
13060,0
24536,0
9832,0
23882,0
18275,0
27981,0
10730,0
3747,1
23713,0
4636,1
18761,0
16499,0
21630,0
1156,1
14506,0
27208,0
25617,0
10478,0
26783,0
23801,0
19413,0
1947,1
7413,0
7105,1
20665,0
12771,0
21388,0
27967,0
27129,0
15903,0
7968,0
2221,1
1637,1
20583,0
24403,0
20617,0
1301,1
2056,1
8818,0
24089,0
7612,0
10940,0
26102,0
2363,1
5252,1
6431,1
8344,0
18123,0
9251,0
21234,0
15841,0
5748,1
20940,0
26057,0
19913,0
5328,1
5268,1
19285,0
27136,0
26756,0
17455,0
5299,1
5545,1
13796,0
8541,0
14214,0
6679,1
26926,0
20274,0
11147,0
22695,0
26063,0
4426,1
21117,0
12107,0
8003,0
18565,0
22534,0
22589,0
21365,0
19248,0
16170,0
7150,0
15381,0
19360,0
13723,0
15701,0
11890,0
15133,0
13871,0
24608,0
14459,0
12372,0
14251,0
16471,0
26489,0
25937,0
777,1
3474,1
25615,0
27317,0
22613,0
7578,0
10232,0
12215,0
15065,0
26306,0
977,1
15562,0
1659,1
7735,0
4715,1
4640,1
24780,0
7904,0
21133,0
2397,1
16457,0
12793,0
27592,0
9962,0
24141,0
20035,0
6760,1
27438,0
24346,0
26501,0
14946,0
2038,1
5233,1
12676,0
7684,0
10585,0
7791,0
8258,0
333,1
6818,1
18727,0
18360,0
13406,0
23638,0
9434,0
25317,0
19154,0
16252,0
18784,0
15959,0
27530,0
2975,1
20846,0
3546,1
27426,0
11365,0
3963,1
27125,0
12875,0
4839,1
25283,0
5862,1
16517,0
28507,0
11966,0
9062,0
11091,0
14927,0
5263,1
1336,1
7815,0
4850,1
16404,0
10755,0
8757,0
621,1
23181,0
21197,0
28276,0
14381,0
20860,0
12609,0
11589,0
3418,1
15089,0
11587,0
25804,0
8638,0
4114,1
3502,1
13951,0
6310,1
21229,0
8384,0
20782,0
4883,1
28162,0
20066,0
20925,0
19923,0
5200,1
26669,0
22263,0
8904,0
4243,1
7507,0
15851,0
19120,0
14725,0
3447,1
25571,0
21024,0
24303,0
4508,1
4965,1
5065,1
2900,1
4163,1
23213,0
15340,0
12672,0
15521,0
25516,0
17529,0
17815,0
3134,1
9677,0
16534,0
8428,0
5025,1
19294,0
57,1
10523,0
16275,0
20576,0
5290,1
7847,0
11239,0
22097,0
20849,0
21255,0
11955,0
27540,0
26291,0
26403,0
18136,0
12170,0
4747,1
17600,0
6904,1
20099,0
21871,0
204,1
22793,0
22903,0
13280,0
5026,1
493,1
15365,0
11669,0
23304,0
20018,0
20623,0
2810,1
9668,0
7130,1
18173,0
21799,0
5733,1
6577,1
15310,0
25240,0
7141,0
20060,0
14180,0
6517,1
15058,0
7725,0
13879,0
28258,0
21383,0
24561,0
10982,0
4597,1
27068,0
25847,0
24063,0
577,1
26793,0
22570,0
14508,0
3442,1
12892,0
23626,0
22829,0
8936,0
15731,0
17367,0
27800,0
20423,0
14487,0
16676,0
19683,0
13289,0
12545,0
5963,1
4815,1
17035,0
7854,0
2207,1
2709,1
18990,0
6528,1
9887,0
11770,0
5942,1
2426,1
8745,0
5715,1
4402,1
13212,0
8021,0
11822,0
26891,0
19020,0
28327,0
13543,0
13069,0
26312,0
20050,0
6717,1
2201,1
14183,0
16555,0
23610,0
4533,1
13090,0
4032,1
27834,0
9037,0
5997,1
24477,0
22063,0
3876,1
16235,0
634,1
17981,0
15839,0
20349,0
26571,0
12537,0
13086,0
13392,0
19905,0
10254,0
19342,0
5990,1
25367,0
4232,1
3279,1
1885,1
5185,1
4184,1
22056,0
21835,0
14158,0
18639,0
24379,0
21885,0
14582,0
3097,1
6882,1
9844,0
22987,0
156,1
10500,0
26968,0
20873,0
14904,0
11860,0
18451,0
12841,0
24531,0
19603,0
27053,0
20311,0
11742,0
20164,0
19632,0
15897,0
27595,0
23169,0
15120,0
11983,0
15084,0
19535,0
10218,0
253,1
14428,0
14750,0
18200,0
18009,0
3473,1
24494,0
23050,0
14960,0
23017,0
20369,0
23064,0
16671,0
13428,0
19710,0
5621,1
1887,1
25210,0
12924,0
14727,0
23448,0
2750,1
11943,0
17919,0
27392,0
27427,0
28374,0
11561,0
14558,0
21045,0
11346,0
8228,0
2461,1
18297,0
15356,0
23360,0
3054,1
22974,0
12755,0
132,1
19735,0
20493,0
2146,1
12910,0
20778,0
5145,1
16066,0
13781,0
5805,1
10318,0
6572,1
14954,0
2952,1
1524,1
17676,0
21132,0
12038,0
9495,0
20719,0
9861,0
23600,0
710,1
9038,0
28097,0
13696,0
21051,0
10248,0
2917,1
5372,1
26116,0
8542,0
7302,0
22277,0
26310,0
6863,1
2431,1
13773,0
3060,1
5494,1
9315,0
15909,0
16231,0
19924,0
24120,0
42,1
7949,0
14476,0
20588,0
7890,0
17078,0
5368,1
5826,1
2470,1
11948,0
25157,0
28240,0
12819,0
19638,0
27445,0
6824,1
11243,0
21286,0
27377,0
8112,0
2656,1
21708,0
27373,0
21601,0
11184,0
7151,0
19128,0
13806,0
19404,0
2560,1
18965,0
667,1
1257,1
11606,0
2775,1
20087,0
11731,0
8213,0
17100,0
21710,0
9365,0
24917,0
13146,0
21274,0
24137,0
22915,0
20756,0
22887,0
26125,0
9778,0
1518,1
12420,0
14182,0
1449,1
239,1
23362,0
24650,0
22769,0
10448,0
4642,1
9304,0
26438,0
14320,0
20935,0
16910,0
21958,0
4892,1
13347,0
17637,0
20944,0
11900,0
8987,0
27131,0
2478,1
15899,0
17839,0
3760,1
8131,0
6660,1
26244,0
27403,0
22211,0
6692,1
10060,0
13960,0
27749,0
22722,0
14014,0
28297,0
20954,0
17821,0
14025,0
14178,0
21124,0
28482,0
18985,0
12576,0
15468,0
5677,1
5573,1
1960,1
6684,1
5745,1
4568,1
18551,0
9835,0
4077,1
3784,1
12836,0
3388,1
21056,0
16430,0
25184,0
22874,0
22061,0
8135,0
1905,1
8450,0
1399,1
8890,0
16701,0
9136,0
12058,0
2592,1
1929,1
10910,0
142,1
6550,1
14970,0
16028,0
14096,0
22387,0
6700,1
12137,0
28058,0
17383,0
16315,0
27919,0
23386,0
3676,1
4209,1
11799,0
26050,0
18717,0
20207,0
19908,0
17690,0
19411,0
19584,0
13235,0
13354,0
3380,1
4284,1
17914,0
117,1
11545,0
8786,0
6081,1
3024,1
7542,0
26600,0
16666,0
27605,0
11647,0
26995,0
11394,0
1385,1
8405,0
27288,0
2534,1
5609,1
9941,0
21382,0
20371,0
13188,0
5679,1
19770,0
23183,0
11348,0
25883,0
17818,0
11978,0
20065,0
8857,0
21755,0
20534,0
12954,0
20069,0
24672,0
14407,0
12854,0
10609,0
6956,1
9658,0
9817,0
20957,0
4414,1
12184,0
27346,0
16636,0
20552,0
2156,1
16464,0
14532,0
24715,0
1976,1
18409,0
26900,0
17325,0
22342,0
8089,0
22574,0
5303,1
13481,0
5874,1
16960,0
16365,0
15531,0
25956,0
8891,0
17887,0
17129,0
11271,0
19613,0
17749,0
6220,1
2699,1
22038,0
22701,0
27894,0
28018,0
14329,0
20769,0
19766,0
19779,0
19932,0
13807,0
25321,0
16612,0
12280,0
9184,0
19567,0
1365,1
22251,0
8426,0
27801,0
983,1
27455,0
19433,0
25261,0
752,1
28315,0
3644,1
6998,1
14248,0
11053,0
21378,0
7298,0
25785,0
10868,0
11553,0
11788,0
17757,0
19329,0
19229,0
23444,0
17442,0
28146,0
7621,0
8209,0
5801,1
21643,0
6990,1
1981,1
24003,0
25170,0
14700,0
9334,0
22827,0
5840,1
19516,0
4708,1
26687,0
11902,0
7737,0
6854,1
23174,0
11994,0
11741,0
18779,0
3093,1
8073,0
27571,0
12605,0
1963,1
5082,1
1081,1
110,1
22867,0
5311,1
9676,0
24422,0
4164,1
6885,1
19691,0
12221,0
25836,0
21851,0
26564,0
25896,0
21544,0
9688,0
21170,0
24244,0
16007,0
22357,0
18684,0
14307,0
24827,0
21864,0
320,1
7851,0
8732,0
23764,0
8851,0
25944,0
10718,0
22963,0
13836,0
26470,0
27937,0
12186,0
25343,0
27909,0
13915,0
12477,0
3450,1
12343,0
2877,1
2956,1
9982,0
12326,0
1463,1
16453,0
22388,0
8140,0
1542,1
8661,0
8486,0
13815,0
7423,0
4108,1
8083,0
5970,1
14303,0
20781,0
12393,0
22223,0
22322,0
25589,0
2134,1
3840,1
26745,0
2187,1
10014,0
26780,0
18260,0
21008,0
20199,0
15970,0
25071,0
27527,0
19374,0
22886,0
986,1
25755,0
1791,1
8737,0
25198,0
16456,0
7090,1
24355,0
25336,0
6530,1
23345,0
25244,0
17282,0
16333,0
21096,0
5485,1
4418,1
26477,0
17740,0
18193,0
4439,1
14908,0
9268,0
12004,0
15726,0
26282,0
5196,1
9024,0
14367,0
18807,0
24248,0
24647,0
2834,1
9899,0
28330,0
8227,0
24818,0
8458,0
95,1
11030,0
5003,1
13404,0
12375,0
25568,0
27335,0
19993,0
27563,0
5108,1
26688,0
4552,1
13896,0
27424,0
9462,0
19191,0
90,1
1193,1
11888,0
7704,0
19476,0
7266,0
4473,1
28225,0
20395,0
11246,0
10019,0
23710,0
6446,1
26020,0
21551,0
695,1
5639,1
14330,0
6423,1
4727,1
5943,1
18465,0
15674,0
26557,0
21606,0
5125,1
18737,0
12691,0
10228,0
19571,0
21631,0
11059,0
14874,0
1752,1
22107,0
18080,0
17046,0
4572,1
18089,0
15485,0
13666,0
22741,0
7221,0
9614,0
28122,0
2301,1
12034,0
10793,0
10272,0
21939,0
22289,0
24465,0
10183,0
17156,0
11803,0
25979,0
13359,0
8401,0
12334,0
6773,1
9900,0
22252,0
15006,0
3947,1
16982,0
14077,0
16934,0
1054,1
26720,0
25902,0
9441,0
11352,0
11671,0
14374,0
26702,0
28227,0
8992,0
26605,0
16904,0
28542,0
13271,0
4156,1
13050,0
1111,1
19533,0
5165,1
16558,0
28449,0
4375,1
18403,0
10398,0
27959,0
11029,0
25214,0
20012,0
9195,0
20358,0
12546,0
3555,1
10945,0
24687,0
3551,1
5127,1
24628,0
14177,0
2887,1
19137,0
728,1
14985,0
15613,0
19265,0
16513,0
17845,0
21373,0
27849,0
3708,1
3809,1
5302,1
28404,0
423,1
18665,0
22628,0
17256,0
12757,0
8556,0
6022,1
18668,0
7917,0
13978,0
14110,0
13058,0
4967,1
22595,0
27603,0
21758,0
19933,0
5488,1
26817,0
11054,0
21733,0
3945,1
26690,0
3010,1
18195,0
14929,0
19727,0
26954,0
25413,0
197,1
6105,1
11433,0
19217,0
23185,0
15833,0
726,1
10296,0
7932,0
20637,0
2705,1
15141,0
7145,0
8331,0
18689,0
7868,0
25909,0
17477,0
27989,0
2258,1
24933,0
25223,0
1718,1
11944,0
12664,0
19666,0
4899,1
2432,1
13579,0
27738,0
16065,0
14104,0
22646,0
10988,0
11273,0
7822,0
1053,1
2122,1
26402,0
6211,1
26194,0
25941,0
12224,0
26993,0
21149,0
5248,1
5871,1
13402,0
22657,0
7809,0
16554,0
8351,0
9059,0
25320,0
19431,0
9026,0
18974,0
21916,0
17778,0
26990,0
20140,0
8962,0
12710,0
12115,0
10365,0
19207,0
27722,0
24580,0
25924,0
25461,0
9744,0
18153,0
16461,0
12920,0
1303,1
4437,1
12722,0
13486,0
3002,1
19392,0
14043,0
25458,0
20093,0
19515,0
19749,0
21986,0
15790,0
6932,1
14811,0
17871,0
9753,0
5352,1
4660,1
23855,0
22783,0
14222,0
4434,1
23577,0
3697,1
1431,1
24835,0
2499,1
21522,0
14166,0
21144,0
2152,1
7673,0
5148,1
21491,0
17355,0
2800,1
13876,0
24495,0
25932,0
468,1
17954,0
24282,0
20243,0
1790,1
12622,0
10629,0
28148,0
27703,0
26753,0
17013,0
4095,1
18351,0
11035,0
19898,0
7362,0
26040,0
23735,0
24678,0
21752,0
22843,0
26473,0
7805,0
2374,1
16369,0
8515,0
16798,0
3729,1
24726,0
8151,0
16903,0
7239,0
19232,0
2512,1
16584,0
28416,0
25225,0
20072,0
11281,0
19527,0
2240,1
5633,1
22329,0
15614,0
20437,0
23317,0
5180,1
11564,0
24863,0
20673,0
11504,0
26737,0
3141,1
24990,0
17994,0
25988,0
27302,0
8467,0
14822,0
23898,0
2105,1
12647,0
13485,0
27629,0
17725,0
4676,1
20455,0
6519,1
18996,0
27180,0
13936,0
10785,0
13669,0
8236,0
16058,0
20237,0
1299,1
18749,0
27108,0
11628,0
1311,1
8254,0
1708,1
18232,0
18789,0
9358,0
530,1
9918,0
4492,1
16172,0
6289,1
869,1
3720,1
15281,0
26372,0
19883,0
17384,0
21792,0
19858,0
25520,0
23974,0
17883,0
10396,0
24226,0
2272,1
8155,0
19260,0
17656,0
13548,0
4985,1
17232,0
17454,0
26584,0
24597,0
15292,0
12947,0
4041,1
23752,0
2908,1
17847,0
14194,0
17922,0
1197,1
10699,0
24073,0
13358,0
21620,0
5915,1
14520,0
4709,1
6412,1
16829,0
6757,1
10000,0
1974,1
24446,0
19902,0
28522,0
943,1
10520,0
27041,0
18604,0
28476,0
20309,0
25679,0
11331,0
16171,0
28203,0
15832,0
2373,1
12579,0
3290,1
5606,1
11634,0
14384,0
20751,0
22872,0
354,1
18767,0
15694,0
15692,0
28176,0
9608,0
12797,0
2060,1
2471,1
5228,1
8002,0
18003,0
7279,0
6855,1
17537,0
3755,1
17119,0
20847,0
18498,0
21731,0
4769,1
15283,0
1118,1
28435,0
12870,0
12141,0
28275,0
25326,0
1519,1
4698,1
2222,1
7056,1
27320,0
10409,0
11267,0
11423,0
4000,1
5842,1
7878,0
23352,0
15628,0
5286,1
18550,0
20061,0
13680,0
7688,0
26219,0
28437,0
8105,0
8142,0
15879,0
13160,0
28190,0
11720,0
10139,0
3973,1
1951,1
27510,0
2634,1
23653,0
26937,0
23460,0
24756,0
21358,0
15444,0
24541,0
18482,0
10370,0
8200,0
23755,0
19059,0
7112,1
5143,1
20443,0
21219,0
22102,0
3936,1
25782,0
9310,0
21192,0
27881,0
18861,0
7348,0
16138,0
23308,0
24382,0
11287,0
21484,0
10027,0
28259,0
28039,0
10734,0
26296,0
7482,0
3999,1
3987,1
19510,0
8842,0
23052,0
15387,1
21869,0
19091,0
6972,1
27888,0
6374,1
6777,1
21085,0
60,1
15401,0
11008,0
22809,0
23985,0
13732,0
19383,0
6536,1
19273,0
23179,0
13518,0
24642,0
25963,0
17104,0
19724,0
21822,0
537,1
4929,1
4302,1
26593,0
17430,0
13153,0
11623,0
23004,0
4744,1
6408,1
7486,0
13645,0
19593,0
19354,0
4017,1
15953,0
8041,0
9715,0
16337,0
14572,0
25383,0
13273,0
6100,1
26054,0
8521,0
963,1
24763,0
8370,0
1326,1
28350,0
16055,0
3230,1
22999,0
18648,0
17048,0
2826,1
4582,1
22747,0
25871,0
25597,0
21739,0
5956,1
6864,1
17313,0
10427,0
4482,1
14242,0
19800,0
16694,0
19466,0
5981,1
26321,0
2140,1
3712,1
12408,0
967,1
19642,0
4392,1
13038,0
6881,1
19713,0
27203,0
25078,0
5559,1
4293,1
26866,0
11198,0
8695,0
18946,0
26883,0
13743,0
26969,0
3372,1
26161,0
14759,0
24315,0
3062,1
19117,0
4786,1
718,1
4216,1
10782,0
17794,0
26170,0
3581,1
21760,0
26364,0
15040,0
7466,0
19346,0
20337,0
17578,0
13429,0
13365,0
10526,0
12317,0
14873,0
15424,0
22308,0
13419,0
17050,0
22662,0
8037,0
20010,0
2902,1
25718,0
22775,0
19906,0
26935,0
1381,1
24006,0
18799,0
1608,1
3519,1
19963,0
26662,0
27052,0
21830,0
18764,0
20391,0
13648,0
21194,0
24544,0
1801,1
26363,0
3335,1
2568,1
26877,0
19017,0
17995,0
13004,0
2616,1
27741,0
15662,0
7745,0
214,1
9414,0
26734,0
3022,1
8477,0
18402,0
22857,0
5599,1
11169,0
14505,0
27054,0
5933,1
16522,0
9383,0
10106,0
25813,0
6724,1
16985,0
24761,0
3425,1
9621,0
25781,0
4081,1
21134,0
21963,0
19886,0
14557,0
23197,0
16004,0
5587,1
24240,0
18742,0
23612,0
12480,0
10492,0
607,1
23487,0
9800,0
21200,0
24548,0
6895,1
7510,0
17306,0
25680,0
14155,0
10152,0
16662,0
25334,0
24071,0
1936,1
18535,0
19237,0
13517,0
9427,0
360,1
24716,0
27921,0
9937,0
16976,0
17541,0
23055,0
10695,0
21676,0
8190,0
4219,1
705,1
15966,0
13316,0
26226,0
5958,1
26732,0
4380,1
6676,1
3794,1
9452,0
21027,0
16031,0
15813,0
13418,0
10813,0
16540,0
21398,0
19080,0
7354,0
10948,0
18223,0
12378,0
4126,1
7715,0
2921,1
16124,0
14894,0
16834,0
7531,0
8943,0
22676,0
10978,0
3364,1
2341,1
27410,0
27706,0
1287,1
24298,0
12069,0
13712,0
3428,1
28541,0
27420,0
8040,0
22265,0
26728,0
10662,0
3008,1
6253,1
24198,0
20023,0
2355,1
27415,0
27941,0
4861,1
26418,0
17738,0
28450,0
7223,0
18575,0
18221,0
4031,1
23382,0
8956,0
17131,0
2548,1
27381,0
61,1
5216,1
19054,0
768,1
16754,0
26428,0
25850,0
15984,0
14321,0
2642,1
7659,0
20687,0
2737,1
5317,1
20793,0
5141,1
11696,0
9086,0
26478,0
27093,0
13011,0
3885,1
24484,0
27586,0
8031,0
2677,1
4105,1
25919,0
26087,0
27001,0
4806,1
14154,0
3526,1
21862,0
14233,0
22841,0
21598,0
11538,0
8998,0
10441,0
4992,1
19050,0
2107,1
4343,1
13350,0
17741,0
20464,0
6170,1
16871,0
16826,0
334,1
3217,1
18577,0
2742,1
15482,0
10962,0
21831,0
17316,0
22060,0
14044,0
26643,0
27331,0
8580,0
21886,0
392,1
18557,0
6304,1
6580,1
11767,0
27138,0
7679,0
7037,1
20234,0
13182,0
15394,0
4336,1
13144,0
16103,0
9460,0
25875,0
11507,0
13570,0
3536,1
4752,1
422,1
6643,1
23957,0
6537,1
14131,0
8297,0
19976,0
6661,1
23191,0
28328,0
6107,1
7034,1
6634,1
2012,1
5670,1
26757,0
20943,0
20819,0
21231,0
735,1
17650,0
28358,0
17493,0
10118,0
18364,0
5194,1
11692,0
23387,0
8250,0
4044,1
22689,0
17192,0
2274,1
19363,0
6125,1
10215,0
27398,0
26272,0
22406,0
20858,0
8671,0
26543,0
22003,0
27672,0
14987,0
383,1
10543,0
24372,0
23489,0
27257,0
10894,0
16745,0
6868,1
19349,0
5506,1
16221,0
184,1
13873,0
3724,1
21925,0
8167,0
24501,0
24800,0
11345,0
10655,0
3589,1
17085,0
20095,0
12272,0
21338,0
10133,0
12275,0
27627,0
1826,1
15742,0
1574,1
20374,0
22384,0
17030,0
4424,1
21251,0
15951,0
4613,1
3122,1
15567,0
323,1
19877,0
19315,0
24779,0
1549,1
13721,0
26049,0
20030,0
24876,0
10556,0
2815,1
24778,0
7674,0
3001,1
16623,0
24396,0
2583,1
22828,0
890,1
23565,0
26671,0
23897,0
26034,0
17009,0
28283,0
13917,0
9357,0
19542,0
17464,0
25065,0
27121,0
8778,0
6814,1
9252,0
23490,0
10141,0
22034,0
21099,0
4998,1
8668,0
10037,0
28049,0
24348,0
17877,0
16095,0
19401,0
24332,0
5415,1
22805,0
6353,1
13699,0
27046,0
3781,1
14832,0
28313,0
11977,0
4259,1
17334,0
28375,0
19085,0
13576,0
18685,0
25117,0
6361,1
9108,0
14928,0
18057,0
7003,1
12781,0
14226,0
19115,0
3764,1
22685,0
25543,0
15578,0
8007,0
6267,1
26859,0
22697,0
17148,0
24506,0
10429,0
8307,0
13026,0
3570,1
10834,0
11729,0
14739,0
25964,0
12139,0
1716,1
20705,0
10187,0
23451,0
3683,1
23252,0
8058,0
6068,1
23583,0
16660,0
1560,1
8576,0
12590,0
20717,0
10530,0
12952,0
14098,0
23529,0
17539,0
2913,1
8702,0
10329,0
10928,0
8996,0
14761,0
5150,1
13357,0
6372,1
4728,1
5484,1
8692,0
15193,0
8639,0
25600,0
14236,0
8901,0
10237,0
27084,0
14735,0
100,1
24806,0
10580,0
3153,1
27523,0
14097,0
2734,1
24816,0
9266,0
6150,1
12518,0
21516,0
22319,0
26199,0
17667,0
14636,0
5135,1
19269,0
1340,1
10474,0
12990,0
3852,1
20252,0
17617,0
18208,0
12915,0
16313,0
2443,1
6791,1
18943,0
8543,0
17855,0
19551,0
19338,0
6108,1
15807,0
7717,0
19253,0
7935,0
27686,0
1477,1
7006,1
7695,0
2962,1
3021,1
22088,0
11910,0
6959,1
4186,1
3378,1
27589,0
4477,1
28412,0
11663,0
3253,1
23727,0
13862,0
4707,1
18781,0
7173,0
3515,1
28070,0
3334,1
15364,0
6592,1
12056,0
2194,1
5335,1
10999,0
10434,0
3500,1
7108,1
5260,1
13473,0
17106,0
3325,1
6622,1
11550,0
8460,0
4155,1
19919,0
23808,0
21153,0
27927,0
5690,1
1302,1
7833,0
16243,0
7590,0
18053,0
22821,0
27876,0
17042,0
27130,0
14729,0
20876,0
22624,0
2167,1
6099,1
15942,0
3855,1
6418,1
6001,1
28086,0
25830,0
6534,1
26733,0
19570,0
3628,1
11227,0
11356,0
3449,1
24341,0
11113,0
18920,0
1658,1
1615,1
20853,0
10993,0
4369,1
24215,0
26044,0
21190,0
4615,1
3120,1
20587,0
5172,1
17388,0
24230,0
12784,0
25256,0
25503,0
23139,0
16220,0
16848,0
13408,0
7059,1
4470,1
22772,0
23804,0
25122,0
25641,0
23510,0
8113,0
11162,0
25246,0
17581,0
8906,0
720,1
24324,0
5447,1
24055,0
13608,0
8603,0
11962,0
11048,0
10264,0
2986,1
19408,0
17204,0
15690,0
18166,0
5428,1
12419,0
9497,0
17295,0
21183,0
6323,1
3464,1
2780,1
5770,1
22312,0
12021,0
15014,0
12203,0
820,1
8179,0
19118,0
20844,0
25229,0
15409,0
20952,0
19157,0
7473,0
2636,1
2267,1
25091,0
13524,0
14041,0
10428,0
26670,0
28346,0
22774,0
19970,0
4110,1
428,1
15983,0
9448,0
19497,0
2954,1
5066,1
11680,0
28362,0
9797,0
26297,0
21974,0
1085,1
9665,0
27078,0
22964,0
18169,0
4948,1
18276,0
15605,1
3537,1
3228,1
7777,0
23257,0
10271,0
1819,1
491,1
7099,1
4775,1
5500,1
25839,0
26530,0
28443,0
2213,1
21815,0
16020,0
24574,0
20827,0
2205,1
9916,0
817,1
11916,0
7600,0
26512,0
21461,0
23260,0
1989,1
20718,0
18525,0
22582,0
4496,1
18454,0
20666,0
21048,0
23231,0
18506,0
14271,0
15354,0
1273,1
23167,0
24513,0
3446,1
13319,0
20761,0
26619,0
23773,0
14698,0
729,1
10381,0
9879,0
14479,0
16722,0
7139,1
28257,0
10374,0
15319,0
18481,0
19684,0
1878,1
6981,1
1768,1
27413,0
24042,0
24819,0
7146,0
3165,1
22511,0
25145,0
7980,0
8311,0
1954,1
4201,1
20578,0
14106,0
20923,0
25652,0
12121,0
19834,0
3225,1
17722,0
4627,1
20936,0
2496,1
12479,0
26630,0
21273,0
3622,1
9952,0
8469,0
20071,0
4516,1
23336,0
13067,0
17492,0
24873,0
8347,0
10652,0
9261,0
22261,0
16876,0
3801,1
16872,0
19928,0
26833,0
3925,1
2474,1
25473,0
12999,0
25856,0
28534,0
10332,0
15571,0
23953,0
6608,1
4252,1
19689,0
18588,0
8285,0
11426,0
26028,0
8087,0
1581,1
6729,1
18067,0
25959,0
11726,0
25,1
27630,0
5684,1
27446,0
2847,1
11215,0
11468,0
9021,0
13113,0
25865,0
16634,0
13860,0
6740,1
19972,0
27477,0
17752,0
1462,1
5312,1
26717,0
10749,0
18571,0
3436,1
15598,0
6394,1
23429,0
21356,0
28246,0
10729,0
23385,0
16216,0
3250,1
19258,0
8863,0
20675,0
18977,0
11233,0
7452,0
2358,1
5726,1
7066,1
26773,0
2767,1
10776,0
1063,1
24473,0
12212,0
21953,0
2494,1
25484,0
16992,0
15590,0
11447,0
21091,0
12991,0
20365,0
18048,0
23284,0
9401,0
17222,0
26128,0
27164,0
25280,0
26841,0
346,1
20991,0
18086,0
6388,1
6846,1
24164,0
21702,0
27656,0
28425,0
9,1
1235,1
14821,0
10082,0
10148,0
9065,0
14764,0
20758,0
420,1
20281,0
24983,0
8970,0
7746,0
24022,0
1961,1
3456,1
19396,0
9954,0
11933,0
24803,0
5704,1
24220,0
5570,1
3467,1
2480,1
20227,0
8924,0
22592,0
25885,0
7694,0
16466,0
26947,0
7676,0
19720,0
12706,0
2909,1
5131,1
12060,0
8787,0
27012,0
20113,0
15928,0
9814,0
13513,0
17659,0
11841,0
7626,0
23692,0
1265,1
20891,0
2309,1
21890,0
7389,0
21004,0
7632,0
14675,0
10397,0
16963,0
14878,0
22730,0
71,1
22781,0
1694,1
9551,0
17723,0
2675,1
8965,0
11042,0
28382,0
8558,0
8323,0
15921,0
2779,1
2433,1
23851,0
3635,1
11325,0
27497,0
24153,0
17038,0
10884,0
10304,0
24775,0
4595,1
21637,0
27169,0
12226,0
23858,0
15781,0
16318,0
18419,0
8064,0
13449,0
28145,0
13391,0
755,1
6722,1
24625,0
9963,0
9370,0
23014,0
23983,0
26305,0
15865,0
21903,0
23133,0
6364,1
4522,1
995,1
16713,0
80,1
20928,0
9335,0
18015,0
15219,0
13538,0
25701,0
2020,1
18107,0
2933,1
5758,1
24571,0
15101,0
10224,0
24374,0
13167,0
13482,0
28106,0
3288,1
7528,0
18099,0
819,1
2575,1
5524,1
21340,0
5582,1
25696,0
21507,0
599,1
14090,0
16507,0
26300,0
23090,0
22145,0
11274,0
7336,0
26680,0
3639,1
1130,1
12071,0
1108,1
28082,0
6535,1
14737,0
10044,0
5602,1
20300,0
11660,0
14835,0
3318,1
1916,1
19904,0
1002,1
27758,0
3384,1
14594,0
21850,0
8736,0
13683,0
12637,0
6897,1
26615,0
21269,0
1370,1
4102,1
17606,0
15330,0
19961,0
18101,0
23051,0
6911,1
3549,1
8328,0
6135,1
4575,1
14814,0
6159,1
7432,0
14422,0
9333,0
22765,0
7431,0
7119,1
7751,0
26532,0
5857,1
18109,0
11717,0
10800,0
25819,0
3752,1
1187,1
8893,0
8300,0
20539,0
21638,0
15546,0
1338,1
803,1
4234,1
13618,0
9231,0
745,1
202,1
6439,1
9294,0
955,1
13549,0
27158,0
18856,0
1721,1
16385,0
19975,0
12923,0
27293,0
24476,0
19203,0
8096,0
25765,0
18012,0
19633,0
5477,1
24654,0
806,1
27279,0
3728,1
12926,0
13882,0
17278,0
23893,0
14173,0
2707,1
24173,0
18343,0
10178,0
25341,0
19625,0
959,1
6815,1
11280,0
5881,1
12788,0
15542,0
5209,1
22196,0
10312,0
26609,0
6299,1
28524,0
738,1
5000,1
18445,0
13935,0
14121,0
371,1
10217,0
4954,1
6683,1
471,1
2121,1
21015,0
27037,0
25251,0
12473,0
5142,1
14174,0
14540,0
12531,0
23935,0
6355,1
22412,0
23044,0
6567,1
14647,0
16247,0
18928,0
10515,0
692,1
26451,0
27717,0
3961,1
2833,1
9840,0
24302,0
5283,1
4756,1
954,1
8471,0
12447,0
18772,0
11808,0
13752,0
10630,0
25758,0
22890,0
25081,0
9243,0
22341,0
4761,1
19375,0
17011,0
25155,0
6970,1
15351,0
16257,0
8552,0
14087,0
19023,0
14013,0
26814,0
7426,0
21247,0
22349,0
22381,0
13750,0
15538,0
27526,0
3369,1
6562,1
7203,0
26744,0
16204,0
14940,0
11491,0
997,1
17973,0
26216,0
2563,1
11174,0
7155,0
24524,0
7458,0
3333,1
6601,1
19857,0
8411,0
2204,1
16699,0
2807,1
17413,0
6325,1
10747,0
25439,0
26589,0
25474,0
24579,0
10936,0
20135,0
7996,0
16077,0
13491,0
11396,0
10676,0
28029,0
6045,1
17904,0
14961,0
24861,0
10642,0
27002,0
24619,0
7044,1
25827,0
970,1
12027,0
19114,0
26545,0
4731,1
18226,0
11115,0
24881,0
16068,0
23873,0
3690,1
8529,0
14267,0
18397,0
5336,1
4776,1
20766,0
23524,0
15118,0
19893,0
27901,0
5637,1
4910,1
5996,1
3615,1
2788,1
6393,1
16879,0
10640,0
11321,0
3686,1
22977,0
27200,0
2262,1
19797,0
25825,0
6714,1
6059,1
11247,0
24905,0
11482,0
17174,0
23580,0
23230,0
22990,0
3117,1
1083,1
16685,0
22969,0
9380,0
2879,1
7995,0
27140,0
24105,0
4689,1
11272,0
1566,1
27851,0
21093,0
27949,0
18875,0
23367,0
1970,1
17337,0
18969,0
17948,0
27735,0
25654,0
23818,0
14784,0
16654,0
25048,0
8393,0
10901,0
4800,1
16446,0
899,1
16436,0
11848,0
5297,1
23468,0
4004,1
3879,1
7133,1
16061,0
15343,0
9271,0
26801,0
28043,0
6943,1
16877,1
20830,0
432,1
261,1
27259,0
4269,1
1470,1
22561,0
8781,0
20077,0
25627,0
23513,0
14576,0
14055,0
19523,0
16940,0
18944,0
10158,0
8339,0
9306,0
18041,0
22400,0
23498,0
6450,1
18555,0
5273,1
12869,0
4638,1
915,1
12598,0
18384,0
28460,0
9927,0
492,1
3737,1
21252,0
11642,0
11521,0
20321,0
24398,0
14562,0
15223,0
11446,0
11875,0
8955,0
5491,1
10400,0
3902,1
18436,0
28102,0
21348,0
16092,0
10171,0
1771,1
17608,0
18495,0
13215,0
16682,0
3102,1
24067,0
16898,0
347,1
6974,1
1176,1
4325,1
24923,0
24034,0
3077,1
13780,0
7616,0
9852,0
23640,0
25684,0
21119,0
7629,0
16813,0
7841,0
5954,1
7645,0
384,1
15972,0
26176,0
13786,0
18812,0
13056,0
24954,0
18816,0
15554,0
28319,0
8343,0
26407,0
6730,1
12578,0
22925,0
16667,0
1141,1
20569,0
9250,0
5877,1
12236,0
16447,0
2395,1
1918,1
23803,0
21834,0
9046,0
27543,0
24701,0
21092,0
13247,0
8525,0
9469,0
14915,0
2463,1
4408,1
19352,0
26045,0
1502,1
4206,1
20989,0
13395,0
19636,0
18530,0
6743,1
11351,0
7899,0
18318,0
20979,0
21858,0
10925,0
3114,1
17253,0
16312,0
18323,0
27308,0
13526,0
14992,0
22537,0
6673,1
2558,1
1275,1
12588,0
22587,0
22884,0
13361,0
458,1
4266,1
8606,0
12089,0
22535,0
12329,0
25135,0
18379,0
25873,0
11592,0
2813,1
4076,1
3232,1
17448,0
26967,0
6174,1
7702,0
11368,0
15668,0
14054,0
9597,0
19738,0
23107,0
22778,0
3725,1
894,1
17639,0
9524,0
14028,0
2316,1
2335,1
17859,0
27314,0
5287,1
17472,0
23763,0
14257,0
9980,0
12101,0
14146,0
14120,0
2763,1
17531,0
14116,0
10190,0
12835,0
13450,0
3199,1
18440,0
28008,0
12031,0
15194,0
26898,0
6272,1
5486,1
8560,0
25558,0
9965,0
19817,0
28426,0
7136,1
21665,0
2736,1
23321,0
10036,0
14024,0
18744,0
10845,0
1352,1
20530,0
13974,0
5586,1
4966,1
27643,0
1701,1
20486,0
6448,1
23962,0
27282,0
11693,0
19107,0
23388,0
22785,0
13237,0
15023,0
19070,0
6139,1
28556,0
27848,0
27218,0
22709,0
13529,0
16097,0
11882,0
5697,1
6481,1
5591,1
3359,1
25922,0
16993,0
16506,0
23354,0
24623,0
28093,0
3663,1
22305,0
23531,0
4961,1
1810,1
15304,0
8173,0
21575,0
2969,1
931,1
24912,0
21195,0
28514,0
2249,1
9880,0
4616,1
18408,0
11797,0
23595,0
25721,0
15455,0
9186,0
20889,0
28177,0
18790,0
11779,0
20307,0
8607,0
16249,0
24180,0
22366,0
15527,0
2102,1
18196,0
24442,0
9539,0
24378,0
27339,0
9775,0
715,1
25581,0
23887,0
15461,0
3489,1
9897,0
17390,0
14365,0
6110,1
25592,0
16537,0
21121,0
6514,1
14481,0
23129,0
3366,1
20566,0
18850,0
7096,1
3140,1
24858,0
17418,0
15869,0
18783,0
13310,0
25810,0
9931,0
4003,1
27123,0
27767,0
28377,0
1783,1
10892,0
22169,0
4011,1
24194,0
24224,0
13784,0
18649,0
23246,0
1621,1
27546,0
16756,0
6351,1
7557,0
25035,0
8425,0
25879,0
12001,0
21756,0
5782,1
22480,0
638,1
1021,1
23693,0
13829,0
13317,0
1925,1
24257,0
24119,0
15448,0
21465,0
28388,0
15397,0
5417,1
14496,0
4421,1
27260,0
24987,0
9833,0
5411,1
2491,1
25403,0
13198,0
21795,0
7940,0
918,1
14489,0
9008,0
18175,0
20684,0
9162,0
9220,0
12897,0
4527,1
5096,1
6603,1
11749,0
20159,0
26847,0
26681,0
13378,0
9291,0
25991,0
11279,0
9498,0
20800,0
14403,0
9256,0
34,1
27718,0
12794,0
730,1
283,1
3988,1
8026,0
14988,0
2504,1
13857,0
26559,0
1214,1
14259,0
14005,0
26699,0
26569,0
174,1
7500,0
4814,1
27761,0
12390,0
19981,0
9960,0
7474,0
9755,0
2856,1
9915,0
7470,0
14672,0
23689,0
23519,0
12176,0
26865,0
4952,1
20104,0
16190,0
12776,0
676,1
10764,0
3646,1
3665,1
11376,0
24928,0
25442,0
18312,0
26772,0
18828,0
8593,0
27552,0
10257,0
14171,0
11573,0
9839,0
26075,0
1115,1
22377,0
26011,0
25657,0
22240,0
18522,0
961,1
25794,0
5479,1
5195,1
27238,0
8269,0
8577,0
15154,0
26349,0
18750,0
7072,1
24160,0
12539,0
15136,0
19279,0
210,1
1309,1
5408,1
8830,0
10362,0
1038,1
11095,0
11772,0
21420,0
19994,0
12288,0
24314,0
6231,1
1774,1
28099,0
13033,0
22564,0
23473,0
4849,1
21931,0
13313,0
13087,0
2321,1
27459,0
9471,0
23739,0
21396,0
25495,0
15916,0
20043,0
23453,0
8971,0
17727,0
26566,0
15453,0
25950,0
26480,0
22268,0
3424,1
2439,1
4007,1
26919,0
21488,0
4506,1
14981,0
5610,1
19060,0
10258,0
16509,0
9893,0
13591,0
7910,0
5160,1
11998,0
4073,1
26266,0
5387,1
23499,0
23987,0
24375,0
18607,0
17324,0
23796,0
21549,0
19074,0
18085,0
17688,0
14978,0
16570,0
12587,0
8284,0
15476,0
25764,0
4876,1
22920,0
19996,0
8038,0
7874,0
18664,0
17154,0
7300,0
27388,0
13926,0
6337,1
23534,0
10426,0
14606,0
28216,0
14080,0
8085,0
17846,0
5211,1
4035,1
28359,0
12342,0
2582,1
25952,0
14084,0
16161,0
16440,0
4438,1
20436,0
22914,0
776,1
25863,0
463,1
16,1
1005,1
11469,0
27063,0
10898,0
19119,0
5282,1
2296,1
5528,1
5669,1
11153,0
18927,0
13634,0
12760,0
18942,0
8412,0
2307,1
26988,0
6193,1
6983,1
10450,0
22851,0
19167,0
21660,0
16788,0
15407,0
20796,0
1847,1
23714,0
5374,1
7116,1
9015,0
25524,0
17029,0
16335,0
13192,0
25857,0
12529,0
19827,0
24069,0
13531,0
15081,0
18253,0
18449,0
6749,1
23970,0
22484,0
16482,0
6623,1
11038,0
11020,0
20581,0
25239,0
3005,1
18587,0
17823,0
11015,0
7703,0
20154,0
1821,1
9077,0
4505,1
26295,0
13179,0
9945,0
24040,0
11563,0
4187,1
903,1
15215,0
15142,0
9959,0
10649,0
15421,0
25269,0
2862,1
15553,0
16725,0
16820,0
6056,1
6002,1
20652,0
22297,0
16567,0
18867,0
9806,0
21371,0
18209,0
12671,0
5115,1
6284,1
9938,0
26881,0
22837,0
911,1
16458,0
13018,0
26280,0
19643,0
6058,1
14841,0
19617,0
27931,0
11200,0
24875,0
7709,0
14073,0
10535,0
10288,0
16399,0
21718,0
10779,0
15992,0
28228,0
24178,0
28417,0
11520,0
16411,0
2686,1
20366,0
25164,0
16869,0
24350,0
18692,0
7587,0
19438,0
682,1
5123,1
27572,0
6464,1
23328,0
2106,1
21788,0
19618,0
20571,0
1123,1
167,1
4454,1
14518,0
24843,0
22598,0
9237,0
28180,0
6635,1
4373,1
5900,1
23761,0
9638,0
27886,0
11390,0
10646,0
4807,1
21663,0
17377,0
20105,0
26355,0
15036,0
18984,0
22257,0
19806,0
22955,0
14507,0
23136,0
2536,1
19142,0
10305,0
3049,1
5243,1
25209,0
27796,0
5262,1
669,1
7607,0
16673,0
5430,1
22418,0
20760,0
28453,0
11529,0
12019,0
429,1
26573,0
14902,0
18561,0
20887,0
14513,0
11497,0
1914,1
19425,0
19420,0
14665,0
12319,0
25697,0
18336,0
26494,0
22186,0
26094,0
1720,1
8512,0
19168,0
27653,0
26823,0
14389,0
7951,0
25496,0
12807,0
4606,1
5696,1
16195,0
8599,0
21682,0
22502,0
7896,0
23377,0
11838,0
28001,0
23993,0
11088,0
8065,0
13388,0
17508,0
15977,0
13916,0
3711,1
18889,0
8399,0
11453,0
12266,0
9185,0
23648,0
10913,0
5126,1
9470,0
27273,0
13852,0
13382,0
13930,0
26930,0
1225,1
27562,0
14775,0
15263,0
8678,0
4080,1
1312,1
27847,0
25983,0
17824,0
2652,1
19388,0
10801,0
6399,1
8229,0
10819,0
9028,0
18125,0
5310,1
14767,0
3273,1
21900,0
8192,0
14061,0
9153,0
14875,0
7991,0
20037,0
2215,1
13635,0
16657,0
1613,1
12414,0
21826,0
20476,0
19730,0
16135,0
9366,0
25087,0
21076,0
27306,0
12847,0
22654,0
14933,0
20014,0
23117,0
3979,1
21106,0
23821,0
14421,0
6816,1
15565,0
25630,0
2064,1
25574,0
4311,1
7394,0
2297,1
8223,0
6967,1
17929,0
12242,0
27617,0
3841,1
5920,1
27174,0
12431,0
21697,0
11536,0
10669,0
24028,0
25260,0
10754,0
2002,1
1698,1
22469,0
25611,0
18474,0
11251,0
13615,0
3003,1
15463,0
26770,0
4634,1
19055,0
4763,1
9617,0
26089,0
20279,0
3126,1
25185,0
27582,0
23867,0
11377,0
7750,0
9476,0
17229,0
13116,0
9501,0
19116,0
20034,0
15187,0
2762,1
5459,1
22675,0
12944,0
4902,1
13970,0
8202,0
27897,0
18829,0
19494,0
14844,0
8253,0
21913,0
24575,0
28222,0
11638,0
22897,0
10299,0
13793,0
24737,0
21225,0
9363,0
26101,0
22988,0
17822,0
23589,0
6345,1
7831,0
19045,0
5634,1
27699,0
13853,0
18893,0
14853,0
22671,0
16631,0
23370,0
628,1
23903,0
3220,1
4036,1
17093,0
11216,0
20579,0
13007,0
17863,0
6947,1
21535,0
1952,1
7828,0
22734,0
18700,0
26590,0
386,1
27457,0
20217,0
1047,1
12003,0
12962,0
5800,1
9397,0
12639,0
13898,0
7109,1
19262,0
1422,1
16922,0
14015,0
2626,1
23843,0
26157,0
3071,1
10893,0
3643,1
1335,1
10249,0
9300,0
13403,0
21097,0
13800,0
22471,0
25759,0
26587,0
12470,0
21067,0
26042,0
4278,1
14779,0
7073,1
9972,0
12,1
15334,0
26190,0
26476,0
14305,0
7782,0
22760,0
13213,0
5740,1
4888,1
17640,0
16303,0
1428,1
20975,0
8613,0
11653,0
7680,0
24122,0
6726,1
18834,0
5824,1
13453,0
24049,0
12613,0
18324,0
27056,0
24295,0
3261,1
15667,0
2943,1
22597,0
4980,1
20941,0
16357,0
4942,1
13704,0
7214,0
1363,1
18413,0
17724,0
23823,0
28073,0
26806,0
2854,1
11201,0
18328,0
2635,1
864,1
5046,1
11467,0
12527,0
6344,1
3247,1
3263,1
1681,1
15573,0
1881,1
24294,0
14630,0
19201,0
18113,0
10836,0
6819,1
18776,0
4867,1
20677,0
12013,0
15859,0
6968,1
18586,0
313,1
523,1
22036,0
7670,0
28147,0
953,1
3251,1
27557,0
1067,1
5210,1
20831,0
16560,0
19663,0
8672,0
18825,0
23440,0
409,1
18622,0
24409,0
12649,0
8688,0
25301,0
21392,0
1875,1
22691,0
9001,0
5908,1
17599,0
23914,0
1387,1
13546,0
13293,0
4131,1
24279,0
16861,0
12146,0
3139,1
593,1
3600,1
3091,1
13942,0
16771,0
6765,1
27344,0
26392,0
11167,0
19178,0
868,1
13259,0
1435,1
13195,0
12596,0
5203,1
11383,0
15050,0
12732,0
27151,0
7421,0
24509,0
25483,0
25400,0
12140,0
20372,0
22677,0
12104,0
24206,0
25201,0
10321,0
18225,0
10529,0
7945,0
20175,0
15693,0
14337,0
12162,0
8600,0
23142,0
13866,0
20784,0
9726,0
1510,1
26640,0
2323,1
27908,0
25059,0
17792,0
15104,0
24334,0
11219,0
5834,1
23242,0
11414,0
14851,0
25990,0
12858,0
12118,0
21518,0
3196,1
23655,0
16942,0
2732,1
14341,0
19458,0
14997,0
13373,0
26053,0
942,1
26975,0
26358,0
4917,1
14641,0
20315,0
27181,0
4991,1
8751,0
4739,1
23025,0
22694,0
16589,0
14309,0
22593,0
13260,0
8148,0
27396,0
12668,0
6144,1
13057,0
4275,1
28493,0
7022,1
2332,1
15395,0
12971,0
10252,0
25583,0
12993,0
28191,0
21759,0
12040,0
16735,0
5414,1
3749,1
27902,0
23018,0
19884,0
913,1
25584,0
1663,1
516,1
28142,0
1803,1
503,1
26258,0
3053,1
1683,1
16952,0
5949,1
6384,1
6657,1
12387,0
8346,0
18748,0
107,1
15390,0
2404,1
14935,0
26535,0
3413,1
4034,1
16242,0
13323,0
9519,0
11727,0
4025,1
5515,1
23691,0
4368,1
13133,0
21316,0
23313,0
15052,0
21449,0
15581,0
2989,1
21727,0
13189,0
4128,1
7416,0
9190,0
5250,1
4875,1
10569,0
15199,0
23521,0
18327,0
14770,0
4920,1
16042,0
9679,0
13771,0
4028,1
19434,0
4135,1
21438,0
16953,0
3773,1
20704,0
25125,0
7994,0
14580,0
7538,0
13071,0
22121,0
14616,0
13762,0
865,1
309,1
25557,0
9803,0
21667,0
11363,0
7325,0
10975,0
14387,0
18470,0
18391,0
15670,0
3673,1
15192,0
15222,0
14584,0
25468,0
1368,1
18172,0
7650,0
3701,1
25906,0
6903,1
1527,1
15632,0
23654,0
6369,1
4703,1
24882,0
21479,0
10391,0
25507,0
22620,0
15440,0
8555,0
27186,0
12980,0
21325,0
15760,0
18572,0
6802,1
15658,0
8637,0
27214,0
11182,0
18651,0
2308,1
25055,0
8978,0
27223,0
16043,0
17431,0
3691,1
6923,1
17814,0
20040,0
2154,1
27808,0
25402,0
12548,0
17471,0
4107,1
16794,0
16122,0
761,1
10262,0
26437,0
2621,1
5234,1
1662,1
18004,0
7863,0
3859,1
24655,0
2028,1
3868,1
4099,1
14587,0
22292,0
24825,0
22908,0
13448,0
19047,0
27602,0
19604,0
20540,0
8158,0
5544,1
10815,0
24249,0
4237,1
18959,0
7050,1
6485,1
11552,0
20771,0
486,1
22786,0
15675,0
7340,0
14699,0
7418,0
17329,0
4212,1
4463,1
15530,0
13344,0
11093,0
6991,1
113,1
15757,0
2089,1
12508,0
27604,0
18401,0
25834,0
11852,0
5519,1
18240,0
21661,0
22611,0
6398,1
2882,1
23571,0
19405,0
14824,0
17563,0
8630,0
16543,0
28308,0
5520,1
2069,1
2875,1
9169,0
23581,0
26677,0
15183,0
25665,0
6547,1
13856,0
11489,0
17121,0
20541,0
3218,1
20132,0
19184,0
17734,0
5798,1
21062,0
15919,0
26026,0
8070,0
564,1
6552,1
13493,0
66,1
25342,0
14776,0
26169,0
6233,1
20013,0
1217,1
8892,0
22615,0
470,1
2303,1
15438,0
15877,0
14652,0
2447,1
1444,1
9856,0
8418,0
12843,0
26637,0
26138,0
10964,0
4724,1
26661,0
1131,1
4194,1
21236,0
9141,0
28158,0
7706,0
19952,0
16824,0
24007,0
9944,0
13496,0
13172,0
20481,0
18863,0
14346,0
26162,0
18677,0
4416,1
18554,0
25409,0
13981,0
7127,1
22500,0
13407,0
3699,1
12645,0
8404,0
4648,1
13145,0
443,1
4556,1
20968,0
1401,1
17037,0
23060,0
5292,1
12513,0
15933,0
15844,0
6219,1
23570,0
23625,0
9478,0
14296,0
23298,0
25428,0
12992,0
25365,0
2997,1
21032,0
5331,1
24104,0
4658,1
1998,1
13409,0
20882,0
15884,0
10071,0
421,1
18035,0
20669,0
7263,0
3848,1
152,1
15174,0
13245,0
5099,1
16467,0
4781,1
26871,0
17510,0
16786,0
16115,0
12268,0
23422,0
14833,0
1703,1
9736,0
16669,0
19660,0
1405,1
16890,0
15939,0
14657,0
5397,1
23644,0
6770,1
12017,0
28427,0
17419,0
13914,0
4885,1
16057,0
20930,0
22567,0
15732,0
11308,0
5536,1
19845,0
23392,0
11127,0
13687,0
10774,0
18845,0
4963,1
12439,0
11590,0
8693,0
1400,1
4094,1
26486,0
24572,0
4534,1
17183,0
101,1
4262,1
2937,1
22401,0
26135,0
6073,1
21814,0
8383,0
4908,1
24286,0
10673,0
7229,0
1306,1
16047,0
4123,1
2984,1
6921,1
24929,0
4837,1
14274,0
6055,1
25610,0
22907,0
23177,0
15719,0
13414,0
14818,0
20770,0
11710,0
11097,0
26420,0
25181,0
8117,0
11824,0
25828,0
27593,0
6180,1
14157,0
24431,0
21613,0
18492,0
23712,0
4940,1
8701,0
3619,1
11915,0
12410,0
14901,0
19616,0
24901,0
15025,0
18385,0
17894,0
11379,0
20451,0
23674,0
15459,0
244,1
19650,0
19694,0
6644,1
24953,0
1135,1
4308,1
19359,0
28497,0
17354,0
11126,0
9867,0
15412,0
8944,0
17620,0
17592,0
25241,0
25002,0
28034,0
20972,0
16941,0
21,1
10231,0
24338,0
5765,1
3311,1
26281,0
26351,0
4619,1
12525,0
19053,0
21202,0
13719,0
11596,0
11711,0
7358,0
5163,1
6480,1
21025,0
477,1
3296,1
1493,1
1763,1
5271,1
2085,1
11418,0
6297,1
16969,0
26333,0
1037,1
14963,0
1447,1
18480,0
21800,0
1572,1
7283,0
8790,0
27128,0
23219,0
4622,1
536,1
13006,0
16331,0
17102,0
20229,0
11909,0
26314,0
9002,0
17230,0
17520,0
6282,1
11187,0
11751,0
6690,1
14969,0
24757,0
2946,1
24936,0
1343,1
7496,0
27867,0
7252,0
22826,0
27763,0
23629,0
6565,1
2714,1
23927,0
7371,0
316,1
21779,0
4436,1
15046,0
6590,1
5498,1
255,1
14850,0
528,1
12560,0
26377,0
11471,0
8082,0
5607,1
23170,0
23749,0
10578,0
838,1
3432,1
6766,1
11412,0
22059,0
1805,1
20397,0
10395,0
20421,0
6164,1
23802,0
26320,0
7754,0
8605,0
2957,1
1540,1
20267,0
9425,0
6830,1
7360,0
13082,0
1290,1
22687,0
17984,0
945,1
10810,0
12597,0
24084,0
26444,0
1950,1
15706,0
13688,0
18374,0
27665,0
16874,0
15682,0
22888,0
12388,0
14975,0
11707,0
19529,0
20606,0
1003,1
20185,0
5864,1
16005,0
4280,1
25388,0
15132,0
22773,0
27723,0
7977,0
7915,0
11057,0
10090,0
12620,0
4192,1
3633,1
24799,0
20263,0
27928,0
25788,0
12879,0
14762,0
12848,0
12642,0
17554,0
19965,0
17858,0
33,1
26007,0
14081,0
8979,0
15729,0
5022,1
12202,0
13413,0
28339,0
10081,0
6541,1
17314,0
8377,0
3349,1
27747,0
10692,0
12770,0
8553,0
5439,1
8961,0
10018,0
8092,0
19475,0
6795,1
14378,0
21765,0
21919,0
14649,0
25200,0
12726,0
14454,0
19624,0
3244,1
15954,0
10791,0
14482,0
16259,0
22719,0
16731,0
27951,0
22492,0
16392,0
25920,0
10127,0
155,1
12179,0
21576,0
14162,0
24062,0
1437,1
14918,0
6447,1
3967,1
7124,1
18531,0
3941,1
15337,0
4062,1
8035,0
11515,0
6873,1
13269,0
20261,0
14720,0
24459,0
21344,0
13135,0
7958,0
4578,1
15205,0
20568,0
23483,0
8687,0
14849,0
10108,0
4887,1
23608,0
8882,0
18723,0
25761,0
22616,0
5240,1
22733,0
19630,0
20211,0
3297,1
17210,0
26653,0
18130,0
16193,0
22916,0
2100,1
5815,1
5793,1
11621,0
10532,0
22380,0
3110,1
11349,0
12754,0
13471,0
16866,0
12885,0
8371,0
27255,0
12083,0
9305,0
8635,0
11018,0
14931,0
19205,0
12871,0
9298,0
17807,0
15301,0
7909,0
16772,0
10413,0
17311,0
6269,1
23262,0
20842,0
9590,0
8047,0
11937,0
7997,0
11718,0
17691,0
4594,1
6392,1
17366,0
19910,0
9096,0
26166,0
11588,0
5487,1
20293,0
12616,0
18823,0
13495,0
27929,0
17052,0
2547,1
16219,0
15917,0
21281,0
20259,0
21123,0
24631,0
14554,0
598,1
5076,1
12443,0
10981,0
8503,0
20210,0
8145,0
10839,0
16356,0
8074,0
20089,0
4529,1
3937,1
2053,1
12134,0
26958,0
3342,1
23889,0
6902,1
19302,0
11398,0
19064,0
16648,0
12228,0
11849,0
25237,0
15041,0
7351,0
11006,0
17712,0
8134,0
27354,0
20482,0
7729,0
25148,0
9646,0
4593,1
1517,1
5028,1
9983,0
3017,1
21673,0
18924,0
3387,1
2231,1
23430,0
14170,0
6810,1
27145,0
21917,0
23620,0
14528,0
24744,0
14079,0
19246,0
23964,0
26696,0
17573,0
17211,0
8878,0
7740,0
26657,0
6636,1
76,1
21891,0
9283,0
18292,0
2226,1
17087,0
11163,0
21354,0
4789,1
1049,1
11146,0
27983,0
2484,1
27005,0
18174,0
2550,1
18118,0
10505,0
23089,0
417,1
26639,0
11951,0
18448,0
12182,0
15663,0
19787,0
19866,0
744,1
2746,1
7247,0
10758,0
18922,0
12849,0
1713,1
8887,0
19495,0
2615,1
15805,0
20247,0
26332,0
8077,0
3459,1
26131,0
27016,0
4915,1
16720,0
18116,0
12059,0
13181,0
26950,0
17483,0
22096,0
27752,0
18753,0
23383,0
108,1
3647,1
26374,0
6563,1
753,1
15502,0
11723,0
23576,0
27814,0
3732,1
9386,0
24092,0
6228,1
17569,0
23423,0
14119,0
21677,0
25955,0
13535,0
27386,0
17163,0
12966,0
102,1
6809,1
17179,0
23910,0
11086,0
8204,0
2874,1
27984,0
23847,0
23788,0
8838,0
19212,0
7504,0
2723,1
3240,1
2454,1
2236,1
15032,0
18541,0
25337,0
13889,0
22066,0
17899,0
27462,0
16806,0
38,1
7738,0
14429,0
15720,0
7167,0
22426,0
17552,0
19622,0
16867,0
7126,1
13770,0
22085,0
25404,0
26987,0
3417,1
12374,0
28100,0
21901,0
13480,0
19639,0
2446,1
27064,0
5482,1
16416,0
18874,0
1062,1
25346,0
3943,1
18628,0
28342,0
13258,0
15535,0
22808,0
7384,0
8030,0
10485,0
28473,0
4101,1
26533,0
2233,1
2409,1
12082,0
22699,0
15162,0
22660,0
3682,1
2916,1
18177,0
541,1
27750,0
671,1
1891,1
27661,0
17509,0
21196,0
16289,0
14228,0
16350,0
22237,0
20650,0
22072,0
23419,0
17817,0
6030,1
4947,1
13674,0
8274,0
18464,0
28238,0
4173,1
14805,0
20879,0
26495,0
28014,0
15837,0
27057,0
17838,0
10914,0
5969,1
9762,0
14453,0
11478,0
22871,0
17917,0
24740,0
904,1
20619,0
25965,0
15417,0
12434,0
1588,1
22640,0
25328,0
1184,1
2003,1
